{"cameraMode":{"drawMode":0,"name":"Shaded","section":"Shading Mode"},"sceneLighting":false,"audioPlay":false,"sceneViewState":{"m_AlwaysRefresh":false,"showFog":true,"showSkybox":false,"showFlares":true,"showImageEffects":true,"showParticleSystems":true,"showVisualEffectGraphs":true,"m_FxEnabled":true},"in2DMode":false,"pivot":{"x":0.09642152488231659,"y":-0.058309972286224368,"z":-0.45475491881370547},"rotation":{"x":0.05556337535381317,"y":-0.9346532821655273,"z":0.1688462495803833,"w":0.3084220886230469},"size":0.6553100943565369,"orthographic":false}