{"cameraMode":{"drawMode":0,"name":"Shaded","section":"Shading Mode"},"sceneLighting":false,"audioPlay":false,"sceneViewState":{"m_AlwaysRefresh":false,"showFog":true,"showSkybox":false,"showFlares":true,"showImageEffects":true,"showParticleSystems":true,"showVisualEffectGraphs":true,"m_FxEnabled":true},"in2DMode":false,"pivot":{"x":11.952784538269043,"y":0.9551489353179932,"z":-13.240350723266602},"rotation":{"x":0.05314953625202179,"y":-0.9369666576385498,"z":0.3040813207626343,"w":0.16384635865688325},"size":1.296890139579773,"orthographic":false}